p1,r1,y1,p2,r2,y2,t_ms
0.15,9.55,-108.92,-1.28,176.54,139.68,262225
0.12,9.49,-108.92,-1.25,176.49,139.69,262241
0.09,9.52,-108.93,-1.27,176.49,139.70,262257
0.08,9.51,-108.94,-1.25,176.49,139.71,262273
0.06,9.52,-108.95,-1.27,176.51,139.72,262289
0.04,9.51,-108.96,-1.28,176.54,139.73,262305
0.05,9.51,-108.97,-1.29,176.53,139.74,262321
0.05,9.51,-108.98,-1.29,176.54,139.75,262337
0.04,9.51,-108.99,-1.29,176.51,139.76,262353
0.03,9.51,-109.00,-1.28,176.48,139.77,262369
0.02,9.54,-109.00,-1.26,176.48,139.78,262385
0.04,9.53,-109.01,-1.25,176.48,139.79,262401
0.04,9.50,-109.02,-1.24,176.50,139.80,262417
0.04,9.51,-109.03,-1.24,176.50,139.81,262433
0.03,9.50,-109.04,-1.23,176.49,139.82,262449
0.03,9.50,-109.05,-1.23,176.46,139.83,262465
0.02,9.49,-109.06,-1.22,176.47,139.84,262481
0.01,9.50,-109.07,-1.22,176.46,139.85,262497
0.01,9.53,-109.08,-1.23,176.47,139.86,262513
0.02,9.51,-109.08,-1.23,176.47,139.87,262529
0.03,9.53,-109.09,-1.22,176.47,139.88,262545
0.00,9.53,-109.10,-1.23,176.46,139.89,262561
-0.00,9.53,-109.11,-1.24,176.46,139.90,262577
0.01,9.53,-109.12,-1.23,176.47,139.91,262593
0.02,9.51,-109.13,-1.22,176.45,139.92,262609
0.03,9.51,-109.14,-1.22,176.45,139.93,262625
0.03,9.52,-109.15,-1.22,176.43,139.94,262641
0.04,9.51,-109.16,-1.23,176.44,139.95,262657
0.04,9.52,-109.17,-1.23,176.43,139.96,262673
0.05,9.51,-109.18,-1.22,176.43,139.97,262689
0.05,9.50,-109.19,-1.22,176.44,139.98,262705
0.04,9.50,-109.19,-1.22,176.45,139.99,262721
0.02,9.51,-109.20,-1.23,176.45,140.01,262737
0.03,9.51,-109.21,-1.22,176.44,140.01,262753
0.03,9.51,-109.22,-1.23,176.44,140.02,262769
0.04,9.51,-109.23,-1.25,176.44,140.04,262785
0.04,9.51,-109.24,-1.25,176.44,140.05,262801
0.03,9.51,-109.25,-1.25,176.43,140.06,262817
0.01,9.52,-109.26,-1.24,176.42,140.07,262833
0.01,9.52,-109.27,-1.24,176.41,140.08,262849
0.00,9.52,-109.28,-1.23,176.41,140.09,262865
0.00,9.52,-109.29,-1.23,176.41,140.10,262881
0.00,9.52,-109.29,-1.23,176.42,140.11,262897
0.01,9.51,-109.30,-1.24,176.43,140.12,262913
0.02,9.51,-109.31,-1.25,176.41,140.13,262929
0.03,9.52,-109.32,-1.24,176.42,140.14,262945
0.03,9.52,-109.33,-1.24,176.43,140.15,262961
0.03,9.52,-109.34,-1.23,176.43,140.16,262977
0.02,9.51,-109.35,-1.23,176.43,140.17,262993
0.02,9.51,-109.36,-1.24,176.43,140.18,263009
0.03,9.52,-109.37,-1.24,176.42,140.19,263025
0.03,9.52,-109.38,-1.25,176.42,140.20,263041
0.05,9.51,-109.38,-1.26,176.42,140.21,263057
0.05,9.52,-109.39,-1.26,176.43,140.22,263073
0.05,9.52,-109.40,-1.27,176.44,140.23,263089
0.04,9.52,-109.41,-1.26,176.45,140.24,263105
0.03,9.52,-109.42,-1.26,176.44,140.26,263121
0.03,9.52,-109.43,-1.26,176.44,140.27,263137
0.03,9.52,-109.44,-1.26,176.44,140.28,263153
0.03,9.52,-109.45,-1.27,176.44,140.29,263169
0.03,9.52,-109.46,-1.27,176.44,140.30,263185
0.02,9.53,-109.47,-1.26,176.45,140.31,263201
0.01,9.52,-109.47,-1.25,176.45,140.32,263217
0.01,9.52,-109.48,-1.24,176.45,140.33,263233
-0.00,9.53,-109.49,-1.24,176.44,140.34,263249
-0.00,9.53,-109.50,-1.24,176.44,140.35,263265
-0.01,9.53,-109.51,-1.25,176.44,140.36,263281
-0.00,9.52,-109.52,-1.25,176.44,140.37,263297
-0.01,9.52,-109.53,-1.25,176.44,140.38,263313
-0.00,9.52,-109.54,-1.25,176.45,140.39,263329
-0.00,9.52,-109.55,-1.25,176.45,140.40,263345
-0.01,9.52,-109.55,-1.25,176.45,140.41,263361
-0.00,9.52,-109.56,-1.26,176.45,140.42,263377
0.00,9.52,-109.57,-1.27,176.45,140.44,263393
0.01,9.51,-109.58,-1.27,176.45,140.45,263409
0.02,9.51,-109.59,-1.28,176.45,140.46,263425
0.03,9.51,-109.60,-1.28,176.46,140.47,263441
0.02,9.52,-109.61,-1.28,176.46,140.48,263457
0.02,9.52,-109.62,-1.28,176.46,140.49,263473
0.02,9.52,-109.63,-1.28,176.47,140.50,263489
0.02,9.51,-109.63,-1.28,176.48,140.51,263505
0.01,9.52,-109.64,-1.28,176.47,140.52,263521
0.01,9.52,-109.65,-1.28,176.47,140.53,263537
-0.00,9.53,-109.66,-1.28,176.47,140.54,263553
-0.00,9.53,-109.67,-1.28,176.47,140.55,263569
-0.00,9.53,-109.68,-1.27,176.47,140.56,263585
-0.01,9.53,-109.69,-1.27,176.47,140.57,263601
-0.00,9.53,-109.70,-1.27,176.47,140.58,263617
0.00,9.53,-109.70,-1.27,176.47,140.59,263633
0.01,9.53,-109.71,-1.26,176.47,140.60,263649
0.02,9.53,-109.72,-1.26,176.47,140.61,263665
0.02,9.52,-109.73,-1.26,176.47,140.62,263681
0.02,9.52,-109.74,-1.26,176.47,140.63,263697
0.02,9.52,-109.75,-1.26,176.47,140.64,263713
0.02,9.52,-109.76,-1.26,176.48,140.65,263729
0.01,9.52,-109.77,-1.27,176.48,140.66,263745
0.02,9.52,-109.78,-1.27,176.48,140.67,263761
0.02,9.52,-109.78,-1.27,176.48,140.68,263777
0.02,9.52,-109.79,-1.27,176.48,140.69,263793
0.02,9.53,-109.80,-1.28,176.48,140.70,263809
0.02,9.53,-109.81,-1.28,176.49,140.71,263825
0.03,9.53,-109.82,-1.28,176.48,140.72,263841
0.04,9.53,-109.83,-1.27,176.48,140.74,263857
0.04,9.53,-109.84,-1.27,176.48,140.75,263873
0.04,9.53,-109.85,-1.27,176.48,140.76,263889
0.04,9.53,-109.85,-1.27,176.48,140.77,263905
0.04,9.53,-109.86,-1.27,176.48,140.78,263921
0.04,9.53,-109.87,-1.27,176.48,140.79,263937
0.04,9.53,-109.88,-1.27,176.49,140.80,263953
0.04,9.53,-109.89,-1.27,176.49,140.81,263969
0.04,9.53,-109.90,-1.27,176.49,140.82,263985
0.04,9.53,-109.91,-1.27,176.49,140.83,264001
0.04,9.53,-109.92,-1.27,176.49,140.84,264017
0.04,9.52,-109.93,-1.27,176.48,140.85,264033
0.04,9.52,-109.93,-1.27,176.49,140.86,264049
0.05,9.52,-109.94,-1.27,176.49,140.87,264065
0.05,9.52,-109.95,-1.26,176.49,140.88,264081
0.05,9.52,-109.96,-1.26,176.49,140.89,264097
0.05,9.53,-109.97,-1.26,176.49,140.90,264113
0.05,9.53,-109.98,-1.27,176.49,140.91,264129
0.05,9.52,-109.99,-1.27,176.49,140.92,264145
0.04,9.53,-110.00,-1.27,176.49,140.93,264161
0.05,9.53,-110.00,-1.27,176.48,140.94,264177
0.05,9.53,-110.01,-1.27,176.48,140.95,264193
0.06,9.53,-110.02,-1.27,176.48,140.96,264209
0.05,9.53,-110.03,-1.27,176.48,140.98,264225
0.05,9.53,-110.04,-1.27,176.47,140.98,264241
0.05,9.53,-110.05,-1.27,176.47,141.00,264257
0.05,9.52,-110.06,-1.27,176.48,141.01,264273
0.05,9.57,-110.06,-1.22,176.53,141.02,264289
-0.29,9.02,-110.08,-0.77,177.20,141.06,264305
-0.80,8.66,-110.26,-0.43,162.02,141.29,264321
-0.78,8.82,-110.73,-0.45,146.77,141.81,264337
-0.67,8.87,-111.77,-0.37,132.73,143.00,264353
-0.14,8.69,-113.69,-0.50,118.97,145.05,264369
1.14,8.14,-115.81,-1.42,119.15,146.80,264385
0.83,9.58,-115.94,-1.26,119.49,146.82,264401
0.70,10.02,-115.91,-1.23,121.04,146.81,264417
0.66,10.00,-115.92,-1.25,122.70,146.82,264433
0.78,10.48,-116.09,-1.26,108.40,147.07,264449
1.15,12.11,-116.74,-0.70,109.15,147.91,264465
2.39,14.45,-117.93,-0.09,108.80,149.27,264481
3.54,17.81,-119.04,-0.09,106.02,150.25,264497
3.57,21.74,-119.35,0.01,103.46,150.38,264513
3.43,25.09,-118.93,0.01,101.68,149.84,264529
3.41,28.59,-118.32,-0.33,99.87,149.18,264545
3.39,32.82,-117.63,-0.70,97.09,148.39,264561
3.24,37.44,-116.74,-1.37,93.99,147.36,264577
2.65,42.00,-115.73,-1.62,91.41,146.26,264593
1.92,46.61,-115.02,-1.26,88.97,145.56,264609
1.51,51.47,-114.70,-0.90,86.06,145.27,264625
1.93,56.07,-114.67,-1.29,83.25,145.20,264641
2.34,59.83,-114.65,-1.55,81.24,145.16,264657
2.45,63.06,-114.75,-1.74,79.67,145.24,264673
2.40,65.84,-114.89,-1.91,78.52,145.36,264689
2.44,67.87,-114.97,-1.86,78.29,145.43,264705
2.64,68.97,-115.03,-1.87,78.74,145.51,264721
2.76,69.85,-115.07,-2.00,79.21,145.54,264737
2.73,71.01,-115.03,-2.26,79.31,145.46,264753
2.57,72.35,-114.95,-2.57,79.39,145.34,264769
2.38,73.43,-114.85,-2.91,79.71,145.20,264785
2.21,74.21,-114.73,-3.30,80.30,145.04,264801
2.11,75.11,-114.67,-3.49,80.93,144.99,264817
2.11,76.11,-114.68,-3.20,81.39,145.03,264833
2.41,76.74,-114.72,-3.04,82.03,145.09,264849
2.69,76.58,-114.72,-2.95,83.45,145.11,264865
2.80,75.79,-114.79,-2.98,85.38,145.23,264881
2.90,74.58,-114.95,-2.90,88.03,145.42,264897
3.21,72.27,-115.12,-2.73,91.70,145.66,264913
3.74,69.25,-115.23,-2.56,95.83,145.83,264929
4.27,66.05,-115.09,-2.32,100.22,145.77,264945
4.98,62.60,-114.97,-1.87,105.05,145.81,264961
5.72,58.31,-115.14,-1.15,110.64,146.17,264977
6.44,53.06,-115.48,-0.40,117.06,146.71,264993
7.40,47.39,-115.89,0.30,123.59,147.29,265009
8.36,41.90,-116.09,1.02,129.68,147.65,265025
9.29,36.90,-116.13,1.54,135.23,147.85,265041
10.17,32.42,-116.11,1.97,140.42,148.00,265057
11.04,27.60,-116.04,2.27,145.76,148.06,265073
11.87,22.74,-115.82,2.33,151.07,147.98,265089
12.26,18.53,-115.55,2.30,155.64,147.80,265105
12.73,15.21,-115.06,1.95,159.19,147.36,265121
13.07,13.38,-114.46,1.07,146.33,146.78,265137
13.30,12.08,-113.76,0.08,133.42,146.08,265153
12.96,10.94,-113.09,-0.80,121.01,145.39,265169
12.21,8.94,-112.49,-2.02,125.10,144.77,265185
11.22,6.35,-112.09,-3.03,129.61,144.34,265201
10.51,3.97,-111.72,-3.71,133.49,143.94,265217
10.53,1.92,-111.17,-4.27,121.79,143.37,265233
10.53,0.45,-110.57,-4.52,110.30,142.82,265249
10.32,-1.15,-110.22,-4.84,99.65,142.55,265265
9.96,-3.65,-110.24,-5.56,90.17,142.60,265281
9.63,-6.85,-110.36,-6.39,81.23,142.71,265297
9.62,-9.99,-110.34,-7.16,72.01,142.66,265313
9.78,-11.84,-110.10,-7.69,62.06,142.38,265329
9.85,-13.21,-109.63,-7.97,52.42,141.89,265345
9.69,-14.96,-109.09,-8.20,43.70,141.37,265361
9.41,-17.19,-108.54,-8.62,35.72,140.82,265377
9.15,-19.61,-108.04,-8.85,27.96,140.34,265393
9.07,-21.38,-107.56,-8.79,19.61,139.87,265409
9.37,-22.28,-106.93,-8.74,10.97,139.29,265425
9.55,-22.68,-106.39,-8.63,2.24,138.80,265441
9.52,-22.84,-106.04,-8.59,-6.27,138.50,265457
9.33,-23.03,-105.89,-8.62,-14.46,138.39,265473
9.07,-23.67,-105.89,-8.65,-21.96,138.42,265489
8.75,-24.81,-106.04,-8.71,-28.67,138.59,265505
8.42,-26.62,-106.26,-8.90,-34.50,138.82,265521
8.20,-28.76,-106.50,-9.33,-39.89,139.07,265537
8.04,-30.72,-106.76,-9.85,-45.36,139.32,265553
7.94,-32.18,-106.99,-10.30,-51.33,139.52,265569
8.04,-32.85,-107.09,-10.62,-57.81,139.60,265585
8.16,-33.17,-107.09,-10.83,-64.08,139.60,265601
8.20,-33.55,-107.12,-10.98,-70.12,139.63,265617
8.19,-33.85,-107.12,-11.06,-76.10,139.63,265633
8.18,-33.90,-107.11,-11.08,-82.04,139.63,265649
8.12,-33.70,-107.10,-11.08,-88.04,139.62,265665
8.05,-33.38,-107.09,-11.05,-93.86,139.61,265681
7.87,-33.15,-107.12,-10.97,-99.32,139.65,265697
7.77,-33.21,-107.15,-10.98,-104.32,139.67,265713
7.72,-33.57,-107.18,-11.00,-108.83,139.72,265729
7.66,-34.16,-107.19,-10.98,-113.30,139.71,265745
7.80,-33.92,-107.13,-11.13,-118.58,139.64,265761
8.08,-32.41,-107.02,-11.30,-124.60,139.51,265777
8.07,-30.72,-106.94,-11.26,-130.46,139.42,265793
7.92,-29.17,-106.89,-11.05,-136.05,139.35,265809
7.93,-27.78,-106.75,-10.83,-141.58,139.19,265825
8.10,-26.11,-106.50,-10.41,-147.51,138.95,265841
8.73,-23.28,-106.25,-10.13,-154.49,138.73,265857
10.37,-18.98,-105.97,-10.44,-162.75,138.45,265873
11.59,-13.19,-105.64,-10.23,-171.91,138.15,265889
12.11,-6.47,-105.42,-9.63,-181.63,137.95,265905
12.39,0.04,-105.28,-9.31,-175.80,137.82,265921
11.83,4.42,-105.28,-9.81,-167.87,137.72,265937
11.38,6.61,-105.39,-10.27,-157.85,137.84,265953
10.96,7.48,-105.89,-10.37,-147.03,138.38,265969
10.84,7.83,-106.56,-10.46,-136.27,139.07,265985
11.01,8.26,-107.25,-10.53,-125.83,139.81,266001
11.16,9.24,-108.14,-10.67,-116.30,140.78,266017
11.15,10.95,-109.32,-11.07,-107.81,141.98,266033
11.20,12.67,-110.58,-11.81,-99.63,143.18,266049
11.13,13.80,-111.69,-12.43,-106.20,144.17,266065
10.97,14.67,-112.37,-13.05,-112.78,144.68,266081
10.58,16.86,-112.67,-13.87,-105.56,144.85,266097
9.97,21.01,-112.88,-15.06,-100.41,144.90,266113
9.25,26.61,-113.14,-16.41,-96.57,144.99,266129
8.00,32.41,-113.51,-17.09,-92.75,145.20,266145
6.65,36.88,-113.86,-16.83,-87.26,145.28,266161
6.11,39.61,-113.88,-16.05,-80.94,145.29,266177
6.28,42.36,-113.89,-15.92,-75.07,145.29,266193
6.54,45.32,-113.89,-15.82,-69.42,145.26,266209
6.47,48.23,-113.91,-15.27,-63.93,145.28,266225
6.45,51.33,-113.94,-14.78,-59.02,145.29,266241
6.40,54.50,-113.96,-14.37,-54.32,145.28,266257
6.17,57.35,-113.95,-13.95,-49.49,145.23,266273
6.08,59.98,-113.90,-13.69,-44.51,145.16,266289
6.03,62.26,-113.86,-13.48,-39.42,145.10,266305
5.81,64.20,-113.83,-13.09,-34.10,145.06,266321
5.57,65.75,-113.84,-12.53,-28.56,145.08,266337
5.52,67.06,-113.87,-12.07,-23.24,145.11,266353
5.53,68.86,-113.85,-11.86,-18.75,145.07,266369
5.39,71.25,-113.81,-11.73,-14.85,144.99,266385
5.16,73.62,-113.77,-11.55,-10.90,144.93,266401
5.00,75.39,-113.74,-11.30,-6.50,144.88,266417
4.88,76.60,-113.72,-11.13,-1.82,144.85,266433
4.72,77.41,-113.70,-10.96,3.04,144.81,266449
4.56,78.13,-113.66,-10.84,7.81,144.76,266465
4.38,78.90,-113.62,-10.72,12.37,144.71,266481
4.21,79.93,-113.57,-10.66,16.45,144.64,266497
4.00,81.19,-113.54,-10.59,20.27,144.59,266513
3.85,82.25,-113.54,-10.49,24.15,144.56,266529
3.73,83.12,-113.54,-10.36,28.06,144.56,266545
3.64,83.83,-113.56,-10.17,32.05,144.56,266561
3.61,84.31,-113.57,-9.95,36.03,144.58,266577
3.58,84.75,-113.59,-9.72,39.89,144.60,266593
3.54,85.28,-113.59,-9.56,43.46,144.59,266609
3.46,85.96,-113.57,-9.55,46.67,144.55,266625
3.24,86.75,-113.55,-9.56,49.83,144.50,266641
3.01,87.13,-113.54,-9.41,53.39,144.48,266657
2.91,87.38,-113.48,-9.30,56.66,144.41,266673
2.75,88.39,-113.41,-9.34,59.00,144.30,266689
2.52,89.77,-113.36,-9.30,61.14,144.22,266705
2.45,90.64,-113.36,-9.10,63.80,144.23,266721
2.52,90.72,-113.43,-8.87,67.02,144.32,266737
2.59,90.08,-113.52,-8.63,70.81,144.42,266753
2.62,88.96,-113.56,-8.44,74.89,144.48,266769
2.60,87.78,-113.57,-8.34,78.87,144.50,266785
2.50,86.52,-113.57,-8.24,82.94,144.50,266801
2.39,85.07,-113.56,-8.16,87.06,144.50,266817
2.28,83.74,-113.51,-8.10,90.85,144.45,266833
2.17,82.86,-113.47,-8.08,94.10,144.41,266849
2.07,82.21,-113.42,-8.00,97.17,144.35,266865
2.03,81.57,-113.34,-7.82,100.07,144.25,266881
2.05,81.21,-113.14,-7.68,102.47,144.04,266897
2.06,81.19,-112.91,-7.59,104.55,143.82,266913
2.07,81.21,-112.72,-7.51,106.55,143.63,266929
2.06,80.97,-112.56,-7.44,108.85,143.48,266945
2.12,79.92,-112.50,-7.25,112.15,143.48,266961
2.39,77.30,-112.67,-6.96,117.05,143.78,266977
2.79,72.89,-113.15,-6.62,123.66,144.41,266993
3.26,66.99,-113.83,-6.10,131.63,145.24,267009
3.88,60.21,-114.51,-5.29,140.26,146.08,267025
4.75,52.81,-115.10,-4.22,149.34,146.87,267041
5.81,44.90,-115.63,-3.06,158.60,147.62,267057
6.95,37.05,-116.08,-2.06,167.29,148.28,267073
7.93,30.37,-116.34,-1.37,174.40,148.67,267089
8.64,25.55,-116.31,-1.20,179.54,148.71,267105
9.13,22.90,-116.06,-1.84,182.51,148.46,267121
9.39,22.07,-115.71,-2.79,168.87,148.07,267137
8.94,22.04,-115.33,-3.35,155.21,147.64,267153
7.83,21.57,-115.00,-3.54,157.47,147.24,267169
6.92,20.07,-114.53,-3.53,160.72,146.73,267185
6.54,17.94,-113.92,-3.38,164.48,146.13,267201
6.69,16.02,-113.38,-3.80,167.77,145.69,267217
7.15,15.14,-113.12,-4.50,170.05,145.45,267233
7.08,14.69,-112.98,-4.67,171.95,145.33,267249
6.90,13.94,-112.93,-4.68,174.08,145.29,267265
6.89,12.66,-112.82,-4.59,176.69,145.20,267281
6.88,10.75,-112.74,-4.38,179.94,145.17,267297
6.83,8.15,-112.71,-4.24,183.81,145.20,267313
6.81,5.10,-112.73,-4.16,173.06,145.30,267329
6.87,1.87,-112.89,-4.31,162.76,145.52,267345
7.02,-1.31,-113.12,-4.75,152.59,145.78,267361
7.20,-4.07,-113.31,-5.27,142.07,145.98,267377
7.36,-5.91,-113.45,-5.53,131.04,146.12,267393
7.51,-7.09,-113.55,-5.65,119.86,146.24,267409
7.50,-7.96,-113.67,-5.77,108.99,146.39,267425
7.26,-9.29,-113.93,-6.01,98.92,146.66,267441
7.03,-11.16,-114.28,-6.14,89.67,147.04,267457
6.92,-13.70,-114.67,-6.37,81.33,147.45,267473
6.83,-16.86,-115.04,-6.72,73.85,147.83,267489
6.79,-20.29,-115.37,-7.05,66.87,148.18,267505
6.77,-23.73,-115.70,-7.32,60.11,148.54,267521
6.88,-27.15,-115.95,-7.58,53.59,148.80,267537
7.00,-30.73,-116.04,-7.71,47.34,148.91,267553
7.00,-33.99,-116.05,-7.72,41.15,148.96,267569
7.00,-36.19,-116.10,-7.99,34.43,149.03,267585
6.93,-37.81,-116.23,-8.38,27.23,149.15,267601
6.72,-39.17,-116.37,-8.67,20.08,149.28,267617
6.67,-40.86,-116.48,-8.79,13.43,149.39,267633
6.84,-42.99,-116.49,-8.78,7.37,149.41,267649
7.18,-44.84,-116.37,-8.63,1.14,149.31,267665
7.46,-45.51,-116.20,-8.54,-5.71,149.18,267681
7.58,-45.81,-116.07,-8.54,-12.58,149.07,267697
7.53,-46.42,-116.00,-8.55,-18.89,149.01,267713
7.44,-47.19,-115.96,-8.48,-25.06,148.98,267729
7.54,-47.44,-115.95,-8.57,-31.50,148.97,267745
7.58,-47.26,-115.87,-8.54,-38.20,148.88,267761
7.74,-47.22,-115.74,-8.56,-44.30,148.74,267777
8.04,-48.49,-115.48,-8.40,-48.72,148.52,267793
8.55,-51.12,-115.11,-8.13,-51.79,148.21,267809
9.22,-54.30,-114.58,-7.67,-54.42,147.78,267825
9.74,-56.28,-114.12,-7.20,-57.87,147.44,267841
9.94,-57.11,-113.81,-6.76,-62.25,147.21,267857
9.88,-57.13,-113.62,-6.44,-67.28,147.06,267873
9.67,-56.50,-113.53,-6.28,-72.77,146.99,267889
9.37,-55.00,-113.55,-6.34,-79.02,147.00,267905
9.11,-52.76,-113.61,-6.63,-85.86,147.01,267921
8.87,-50.07,-113.67,-6.98,-93.01,147.01,267937
8.59,-47.04,-113.73,-7.15,-100.45,147.02,267953
8.39,-43.50,-113.82,-7.24,-108.13,147.07,267969
8.56,-40.03,-113.94,-7.54,-115.38,147.16,267985
8.78,-37.20,-114.07,-7.62,-121.82,147.29,268001
9.00,-34.66,-114.34,-7.24,-128.02,147.60,268017
9.68,-31.74,-114.77,-6.60,-134.55,148.10,268033
10.90,-28.76,-115.17,-5.96,-140.83,148.58,268049
12.22,-26.19,-115.48,-5.18,-146.52,149.00,268065
13.70,-23.84,-115.71,-4.43,-151.94,149.35,268081
15.64,-21.19,-115.87,-3.93,-157.60,149.65,268097
17.71,-17.80,-116.02,-3.31,-163.82,149.96,268113
19.68,-13.85,-116.28,-2.52,-170.15,150.40,268129
21.50,-9.98,-116.70,-1.71,-176.38,150.99,268145
23.35,-6.33,-117.12,-1.04,-182.35,151.57,268161
25.08,-2.77,-117.42,-0.64,-188.25,152.00,268177
26.55,0.67,-117.55,-0.56,-178.87,152.24,268193
26.96,3.46,-117.59,-0.95,-169.06,152.31,268209
27.20,5.75,-117.66,-1.54,-158.88,152.45,268225
27.62,7.57,-117.94,-2.18,-148.49,152.79,268241
28.15,8.68,-118.29,-2.69,-137.86,153.20,268257
28.81,9.10,-118.50,-3.22,-126.95,153.48,268273
29.92,9.35,-118.57,-4.17,-116.22,153.62,268289
31.07,9.95,-118.56,-5.33,-106.04,153.69,268305
31.58,10.78,-118.62,-6.24,-96.21,153.81,268321
31.89,11.51,-118.79,-7.35,-86.57,154.02,268337
32.15,11.98,-118.99,-8.54,-77.03,154.25,268353
32.27,12.41,-119.20,-9.83,-67.75,154.47,268369
32.38,13.14,-119.42,-11.26,-59.08,154.67,268385
32.56,14.09,-119.53,-12.87,-50.96,154.73,268401
32.71,15.30,-119.54,-14.35,-43.09,154.73,268417
32.74,16.32,-119.58,-15.45,-35.12,154.76,268433
32.74,16.64,-119.63,-16.22,-26.69,154.82,268449
33.03,16.45,-119.62,-16.90,-18.13,154.84,268465
33.50,16.38,-119.53,-17.51,-9.95,154.81,268481
34.07,16.91,-119.58,-18.21,-2.39,154.98,268497
34.74,17.77,-119.90,-19.05,4.46,155.41,268513
35.23,18.94,-120.40,-19.95,10.73,155.96,268529
35.46,19.99,-120.98,-20.99,16.96,156.57,268545
35.41,19.88,-121.65,-22.20,24.22,157.23,268561
35.28,19.46,-122.28,-23.18,31.47,157.85,268577
34.90,18.65,-122.84,-23.84,38.79,158.40,268593
34.53,17.84,-123.33,-24.35,46.06,158.89,268609
34.19,16.79,-123.74,-25.09,53.35,159.29,268625
33.92,15.39,-124.08,-26.22,60.76,159.60,268641
33.43,14.16,-124.37,-27.32,67.59,159.84,268657
32.37,13.54,-124.53,-28.03,73.73,159.94,268673
31.39,13.76,-124.75,-29.03,79.04,160.15,268689
30.83,14.43,-125.24,-30.62,83.91,160.62,268705
30.07,14.46,-125.91,-32.08,89.12,161.18,268721
28.99,13.90,-126.52,-33.11,94.70,161.68,268737
28.00,13.42,-127.05,-34.14,99.84,162.11,268753
27.27,13.21,-127.43,-35.81,104.21,162.30,268769
26.33,13.32,-127.40,-37.24,108.00,162.02,268785
24.88,14.85,-127.06,-38.14,110.63,161.52,268801
23.18,17.30,-126.96,-38.99,112.69,161.36,268817
21.29,19.21,-127.46,-39.96,115.35,161.78,268833
19.59,19.83,-128.32,-41.00,118.93,162.45,268849
18.01,19.84,-129.04,-41.99,122.53,162.95,268865
16.44,20.36,-129.65,-42.98,125.66,163.38,268881
14.90,20.90,-130.35,-43.89,128.87,163.90,268897
13.40,20.51,-131.04,-44.55,132.70,164.38,268913
12.01,19.58,-131.45,-45.07,136.61,164.55,268929
10.54,19.46,-131.55,-45.28,139.61,164.45,268945
8.95,19.93,-131.52,-45.27,142.24,164.24,268961
7.35,19.74,-131.36,-45.22,145.37,163.87,268977
5.70,19.33,-130.93,-45.40,148.48,163.23,268993
3.79,19.93,-130.68,-45.59,150.91,162.85,269009
1.68,21.00,-130.96,-45.22,153.17,163.04,269025
-0.02,21.77,-131.68,-44.30,155.71,163.69,269041
-1.05,21.24,-132.49,-43.20,158.82,164.40,269057
-1.74,19.89,-133.02,-42.09,162.03,164.81,269073
-2.47,19.19,-133.13,-41.18,164.48,164.77,269089
-3.58,19.61,-133.15,-40.40,166.27,164.70,269105
-4.96,20.15,-133.38,-39.53,168.04,164.83,269121
-6.26,20.20,-133.72,-38.49,170.14,165.05,269137
-7.41,19.65,-133.99,-37.42,172.57,165.20,269153
-8.50,18.99,-134.12,-36.44,174.83,165.18,269169
-9.68,18.74,-134.11,-35.73,176.73,165.04,269185
-11.14,18.62,-134.15,-35.12,178.59,164.93,269201
-12.81,18.15,-134.27,-34.47,180.76,164.88,269217
-14.47,17.48,-134.37,-34.01,182.87,164.78,269233
-16.43,17.25,-134.51,-33.43,184.60,164.75,269249
-18.71,17.71,-134.91,-32.39,185.93,165.02,269265
-20.46,17.96,-135.54,-31.24,187.39,165.50,269281
-21.97,17.33,-136.03,-29.59,189.05,165.84,269297
-23.18,16.96,-136.21,-27.59,190.06,165.89,269313
-24.26,17.36,-136.17,-25.09,190.82,165.80,269329
-24.75,17.71,-136.12,-22.53,191.67,165.77,269345
-24.90,17.84,-136.18,-20.33,192.62,165.84,269361
-25.16,17.78,-136.31,-18.42,193.60,165.94,269377
-25.69,17.68,-136.46,-16.45,194.52,166.04,269393
-26.24,17.66,-136.52,-14.37,195.27,166.06,269409
-26.57,17.64,-136.49,-12.36,196.02,165.99,269425
-26.81,17.41,-136.37,-10.39,196.87,165.84,269441
-27.07,17.21,-136.11,-8.29,197.54,165.55,269457
-27.30,17.68,-135.79,-6.03,197.74,165.24,269473
-27.26,18.37,-135.55,-3.71,197.83,165.07,269489
-27.01,18.82,-135.40,-1.42,197.98,164.97,269505
-26.65,19.04,-135.22,0.68,198.29,164.84,269521
-26.28,19.00,-135.06,2.56,198.83,164.71,269537
-26.08,18.78,-134.86,4.22,199.31,164.51,269553
-26.01,18.68,-134.54,5.61,199.62,164.16,269569
-26.18,18.92,-134.14,6.84,199.66,163.73,269585
-26.60,19.43,-133.79,8.11,199.55,163.37,269601
-27.08,19.99,-133.56,9.49,199.46,163.14,269617
-27.44,20.36,-133.46,10.84,199.52,163.04,269633
-27.68,20.37,-133.40,12.16,199.77,162.98,269649
-27.82,20.24,-133.30,13.56,200.03,162.87,269665
-27.84,20.25,-133.08,15.00,200.07,162.66,269681
-27.65,20.51,-132.82,16.31,199.95,162.43,269697
-27.48,20.81,-132.61,17.53,199.84,162.25,269713
-27.37,21.05,-132.49,18.81,199.85,162.18,269729
-27.23,21.23,-132.47,20.27,199.92,162.21,269745
-26.87,21.50,-132.53,21.92,199.91,162.37,269761
-26.19,21.82,-132.67,23.73,199.81,162.64,269777
-25.15,22.05,-132.82,25.79,199.69,162.94,269793
-23.73,22.10,-132.93,27.77,199.53,163.22,269809
-22.09,22.01,-132.96,29.20,199.38,163.38,269825
-20.64,21.84,-132.84,30.18,199.32,163.36,269841
-19.53,21.59,-132.64,30.87,199.42,163.24,269857
-18.71,21.23,-132.40,31.41,199.59,163.07,269873
-18.04,21.08,-132.15,31.99,199.65,162.91,269889
-17.38,21.16,-132.00,32.89,199.66,162.88,269905
-16.35,21.12,-131.91,34.07,199.75,162.95,269921
-14.73,20.84,-131.77,35.42,199.85,162.99,269937
-12.44,20.42,-131.46,36.84,199.97,162.91,269953
-9.75,19.98,-131.03,38.48,200.19,162.76,269969
-6.89,19.49,-130.59,40.37,200.56,162.66,269985
-4.06,18.94,-130.27,41.99,200.89,162.68,270001
-1.38,18.35,-129.94,42.80,200.91,162.60,270017
0.61,18.26,-129.49,42.91,200.49,162.31,270033
1.93,18.39,-129.00,42.46,200.09,161.96,270049
2.83,18.19,-128.59,41.82,200.21,161.67,270065
3.76,17.51,-128.28,41.38,200.80,161.50,270081
5.09,16.50,-127.95,41.06,201.44,161.32,270097
6.82,15.83,-127.58,40.60,201.76,161.14,270113
8.78,15.27,-127.22,40.07,201.94,160.96,270129
11.00,14.76,-126.78,39.47,201.87,160.69,270145
13.27,14.60,-126.21,39.13,201.53,160.30,270161
15.39,14.60,-125.55,38.95,201.17,159.86,270177
17.33,14.74,-124.91,38.53,200.67,159.46,270193
18.95,15.07,-124.40,37.63,200.00,159.13,270209
20.26,15.29,-123.97,36.25,199.47,158.84,270225
21.47,15.31,-123.59,34.62,199.11,158.58,270241
22.88,15.32,-123.19,32.90,198.61,158.28,270257
24.31,15.75,-122.72,31.21,197.60,157.89,270273
25.57,16.61,-122.15,29.66,196.31,157.41,270289
26.61,17.61,-121.58,28.15,195.01,156.95,270305
27.45,18.53,-121.12,26.53,193.91,156.61,270321
28.20,19.14,-120.86,24.82,193.18,156.47,270337
28.98,19.23,-120.74,23.06,192.85,156.43,270353
29.73,19.04,-120.65,21.16,192.69,156.43,270369
30.36,18.94,-120.62,18.99,192.35,156.46,270385
30.83,19.07,-120.62,16.61,191.82,156.49,270401
31.37,19.36,-120.67,14.13,191.21,156.55,270417
32.17,19.78,-120.73,11.77,190.51,156.64,270433
33.19,20.37,-120.77,9.78,189.59,156.72,270449
34.07,20.86,-120.75,8.16,188.80,156.77,270465
34.70,21.00,-120.76,6.63,188.43,156.87,270481
35.18,20.69,-120.89,4.95,188.49,157.06,270497
35.71,19.96,-121.04,3.05,188.78,157.26,270513
36.34,19.31,-121.11,1.05,188.86,157.35,270529
37.02,19.10,-121.06,-0.91,188.53,157.33,270545
37.70,19.23,-120.94,-2.77,187.95,157.23,270561
38.37,19.65,-120.78,-4.58,187.17,157.12,270577
39.09,20.21,-120.62,-6.35,186.24,156.99,270593
39.87,20.90,-120.43,-7.94,185.23,156.85,270609
40.45,21.58,-120.22,-9.10,184.34,156.71,270625
40.64,21.91,-120.15,-10.05,183.91,156.74,270641
40.58,21.56,-120.32,-11.39,184.06,156.97,270657
40.22,20.62,-120.62,-13.24,184.63,157.27,270673
39.71,19.47,-120.88,-15.62,185.20,157.45,270689
39.15,18.69,-121.00,-18.21,185.41,157.48,270705
38.48,18.47,-121.09,-20.65,185.30,157.47,270721
37.77,18.57,-121.26,-23.02,185.05,157.57,270737
37.03,18.52,-121.57,-25.26,184.95,157.79,270753
36.30,18.39,-121.95,-27.24,184.86,158.09,270769
35.31,18.28,-122.39,-29.05,184.75,158.45,270785
34.00,17.78,-123.00,-31.08,185.02,158.94,270801
32.28,16.77,-123.66,-33.59,170.67,159.41,270817
30.16,15.41,-124.22,-36.43,156.94,159.68,270833
27.87,14.41,-124.52,-39.34,158.06,159.65,270849
25.67,14.54,-124.66,-42.15,158.26,159.48,270865
23.49,15.03,-124.80,-44.58,158.39,159.34,270881
21.55,15.34,-124.95,-46.50,158.61,159.22,270897
19.83,15.80,-125.01,-47.87,158.70,159.06,270913
18.29,16.66,-125.12,-48.72,158.64,159.02,270929
16.96,17.58,-125.47,-49.24,158.45,159.25,270945
15.85,17.95,-125.92,-49.64,158.45,159.55,270961
14.60,17.99,-126.23,-50.01,158.65,159.68,270977
13.06,17.97,-126.42,-50.38,158.97,159.67,270993
11.29,18.21,-126.59,-50.86,159.03,159.64,271009
9.42,19.01,-126.85,-51.40,158.67,159.72,271025
7.49,19.99,-127.32,-51.60,158.35,160.01,271041
5.80,20.81,-127.96,-51.27,158.27,160.52,271057
4.59,21.34,-128.68,-50.62,158.19,161.11,271073
3.78,21.86,-129.30,-49.86,157.88,161.62,271089
3.00,22.31,-129.78,-48.98,157.66,161.99,271105
2.11,22.62,-130.18,-48.05,157.65,162.29,271121
1.08,22.63,-130.57,-47.11,157.98,162.58,271137
-0.11,22.52,-130.98,-46.33,158.34,162.87,271153
-1.43,22.53,-131.43,-45.74,158.64,163.19,271169
-2.91,22.42,-132.03,-45.19,159.13,163.66,271185
-4.49,22.08,-132.71,-44.77,159.69,164.16,271201
-6.16,21.66,-133.26,-44.35,160.15,164.49,271217
-7.82,21.43,-133.53,-43.71,160.24,164.53,271233
-9.44,21.73,-133.48,-42.66,159.96,164.30,271249
-10.81,22.48,-133.25,-41.22,159.49,163.94,271265
-11.87,23.43,-133.03,-39.64,158.96,163.65,271281
-12.75,24.26,-133.02,-38.08,158.56,163.58,271297
-13.72,24.76,-133.20,-36.73,158.37,163.67,271313
-14.82,24.87,-133.52,-35.55,158.55,163.87,271329
-16.10,24.51,-133.80,-34.29,159.06,164.00,271345
-17.46,24.16,-133.91,-32.80,159.50,163.99,271361
-18.72,24.12,-133.92,-31.05,159.74,163.89,271377
-19.79,24.20,-133.90,-29.11,159.99,163.80,271393
-20.66,24.32,-133.88,-27.00,160.16,163.74,271409
-21.27,24.51,-133.89,-24.88,160.25,163.73,271425
-21.72,24.65,-133.97,-22.85,160.42,163.80,271441
-22.16,24.65,-134.18,-20.80,160.79,164.03,271457
-22.51,24.35,-134.53,-18.89,161.36,164.36,271473
-22.83,23.78,-134.86,-17.16,161.95,164.65,271489
-23.22,23.35,-135.09,-15.58,162.42,164.82,271505
-23.75,23.01,-135.33,-14.17,163.01,165.02,271521
-24.35,22.62,-135.76,-12.83,163.80,165.44,271537
-25.16,21.89,-136.42,-11.43,164.76,166.05,271553
-26.19,20.83,-137.00,-9.83,165.65,166.53,271569
-27.18,19.75,-137.24,-7.94,166.19,166.66,271585
-27.92,19.23,-137.12,-5.93,166.31,166.45,271601
-28.30,19.42,-136.73,-3.88,166.06,166.04,271617
-28.56,20.11,-136.32,-1.71,165.64,165.65,271633
-28.61,20.80,-135.99,0.56,165.32,165.38,271649
-28.34,21.16,-135.78,2.58,165.19,165.23,271665
-28.04,21.20,-135.60,4.30,165.27,165.08,271681
-27.91,21.21,-135.48,5.78,165.37,164.99,271697
-28.02,21.22,-135.46,7.06,165.50,164.97,271713
-28.34,21.17,-135.53,8.32,165.76,165.03,271729
-28.77,21.02,-135.64,9.75,166.06,165.13,271745
-29.06,20.88,-135.70,11.26,166.17,165.17,271761
-29.16,20.88,-135.66,12.68,166.17,165.12,271777
-29.21,20.99,-135.59,14.04,166.14,165.06,271793
-29.23,21.17,-135.55,15.37,166.12,165.04,271809
-29.27,21.35,-135.58,16.85,166.24,165.12,271825
-29.17,21.38,-135.69,18.59,166.57,165.31,271841
-28.76,21.26,-135.83,20.70,166.95,165.57,271857
-27.79,21.05,-135.93,22.82,167.24,165.80,271873
-26.46,20.58,-135.87,24.76,167.41,165.85,271889
-25.03,20.22,-135.54,26.46,167.39,165.60,271905
-23.67,20.49,-134.99,28.03,167.07,165.18,271921
-22.37,21.09,-134.54,29.54,166.71,164.92,271937
-21.08,21.57,-134.33,30.87,166.45,164.89,271953
-19.84,21.62,-134.27,31.97,166.52,164.96,271969
-18.76,21.31,-134.24,32.92,166.92,165.06,271985
-17.81,20.83,-134.30,33.85,167.65,165.27,272001
-16.85,19.98,-134.51,35.01,168.73,165.66,272017
-15.61,18.83,-134.77,36.19,169.87,166.10,272033
-14.18,17.70,-134.95,37.15,170.80,166.43,272049
-12.76,16.74,-135.01,37.65,171.61,166.62,272065
-11.48,15.96,-135.02,38.04,172.39,166.77,272081
-10.21,15.07,-135.06,38.67,173.27,166.97,272097
-8.57,13.84,-134.91,39.30,159.01,166.94,272113
-6.70,13.11,-134.38,39.69,144.74,166.53,272129
-5.04,12.97,-133.61,39.95,145.58,165.90,272145
-3.67,13.17,-132.83,40.00,146.17,165.27,272161
-2.58,13.51,-132.17,39.84,146.76,164.78,272177
-1.61,13.77,-131.79,39.61,147.55,164.56,272193
-0.54,13.66,-131.62,39.46,148.59,164.54,272209
0.84,13.35,-131.46,39.41,149.55,164.54,272225
2.53,13.33,-131.23,39.47,150.21,164.48,272241
4.37,13.58,-130.96,39.49,150.67,164.41,272257
6.12,13.87,-130.73,39.31,151.02,164.38,272273
7.72,14.22,-130.44,38.83,151.16,164.23,272289
9.10,14.81,-130.05,38.17,151.16,163.96,272305
10.21,15.37,-129.65,37.40,151.31,163.69,272321
11.16,15.71,-129.35,36.44,151.68,163.50,272337
11.98,15.88,-129.13,35.12,152.14,163.37,272353
12.78,15.96,-128.94,33.55,152.68,163.25,272369
13.62,15.91,-128.75,32.10,153.27,163.12,272385
14.63,15.93,-128.46,30.89,153.67,162.90,272401
15.73,16.17,-128.07,29.79,153.97,162.62,272417
16.81,16.42,-127.69,28.68,154.33,162.34,272433
17.90,16.56,-127.38,27.57,154.92,162.18,272449
19.04,16.43,-127.20,26.53,155.66,162.13,272465
20.24,16.15,-126.98,25.51,156.31,162.02,272481
21.31,16.13,-126.71,24.23,156.72,161.86,272497
22.20,16.29,-126.49,22.68,157.13,161.75,272513
23.15,16.25,-126.39,20.98,157.80,161.74,272529
24.51,15.92,-126.30,19.38,158.59,161.75,272545
25.87,15.45,-126.12,18.27,159.35,161.67,272561
27.05,15.28,-125.82,17.22,159.77,161.48,272577
27.74,15.39,-125.48,15.85,159.97,161.22,272593
27.79,15.67,-125.22,14.21,160.17,161.02,272609
27.33,15.85,-125.16,12.29,160.52,161.00,272625
26.54,15.95,-125.37,9.98,161.01,161.20,272641
25.61,15.72,-125.83,7.16,161.75,161.60,272657
24.73,15.25,-126.38,4.27,162.54,162.03,272673
23.84,14.95,-126.86,1.51,163.07,162.37,272689
22.95,14.79,-127.31,-1.17,163.62,162.71,272705
21.88,14.41,-127.79,-3.93,164.34,163.03,272721
20.55,13.94,-128.21,-6.84,165.00,163.27,272737
18.92,13.95,-128.64,-9.70,165.32,163.51,272753
17.11,14.31,-129.24,-12.32,165.51,163.93,272769
15.30,14.42,-130.05,-14.51,166.05,164.60,272785
13.86,14.25,-131.03,-16.55,166.60,165.41,272801
12.72,14.05,-131.97,-18.60,166.88,166.15,272817
11.50,13.72,-132.66,-20.45,167.21,166.62,272833
10.11,13.62,-133.12,-22.22,167.39,166.88,272849
8.61,13.84,-133.50,-23.80,167.39,167.05,272865
7.05,14.14,-133.86,-25.09,167.44,167.23,272881
5.43,14.27,-134.23,-25.92,167.66,167.44,272897
4.12,14.25,-134.63,-26.84,167.93,167.69,272913
2.92,13.85,-134.96,-27.97,168.52,167.83,272929
1.51,13.00,-135.13,-29.09,154.35,167.77,272945
-0.02,12.20,-134.94,-30.05,140.19,167.30,272961
-1.58,12.57,-134.33,-30.81,140.39,166.44,272977
-3.23,14.22,-133.69,-31.33,139.92,165.63,272993
-5.01,16.24,-133.39,-31.36,139.42,165.22,273009
-6.49,17.98,-133.54,-30.97,139.22,165.29,273025
-7.48,19.01,-134.04,-30.20,139.75,165.78,273041
-8.00,18.98,-134.78,-29.22,140.97,166.50,273057
-8.28,18.37,-135.49,-28.19,142.28,167.17,273073
-8.48,17.95,-136.00,-27.45,143.21,167.59,273089
-8.95,18.00,-136.24,-26.75,143.70,167.73,273105
-9.61,18.44,-136.34,-26.01,144.03,167.74,273121
-10.25,18.84,-136.41,-25.27,144.50,167.73,273137
-10.95,18.93,-136.48,-24.43,145.25,167.74,273153
-11.67,18.95,-136.55,-23.57,145.99,167.73,273169
-12.37,19.06,-136.61,-22.84,146.60,167.70,273185
-13.24,19.30,-136.69,-22.11,147.18,167.71,273201
-14.20,19.57,-136.89,-21.13,147.84,167.85,273217
-15.05,19.78,-137.19,-19.97,148.43,168.10,273233
-15.72,20.05,-137.46,-18.71,148.83,168.32,273249
-16.07,20.24,-137.69,-17.63,149.29,168.51,273265
-16.44,20.19,-137.89,-16.65,150.01,168.65,273281
-16.96,19.96,-138.06,-15.68,150.88,168.77,273297
-17.57,19.68,-138.21,-14.78,151.69,168.84,273313
-18.35,19.52,-138.28,-13.88,152.40,168.83,273329
-19.15,19.39,-138.35,-13.01,153.19,168.83,273345
-20.00,19.15,-138.47,-12.17,154.05,168.87,273361
-20.96,18.84,-138.57,-11.15,154.96,168.90,273377
-21.96,18.64,-138.64,-9.80,155.81,168.91,273393
-22.66,18.43,-138.65,-8.24,156.58,168.90,273409
-22.95,18.29,-138.60,-6.66,157.22,168.85,273425
-23.11,18.25,-138.54,-5.10,157.76,168.80,273441
-23.21,18.22,-138.49,-3.62,158.26,168.75,273457
-23.38,18.16,-138.45,-2.30,158.79,168.71,273473
-23.58,18.00,-138.42,-1.06,159.43,168.67,273489
-23.84,17.76,-138.39,0.25,160.08,168.63,273505
-23.88,17.62,-138.32,1.39,160.60,168.56,273521
-23.98,17.51,-138.24,2.45,161.11,168.46,273537
-24.19,17.43,-138.17,3.47,161.61,168.37,273553
-24.47,17.44,-138.11,4.50,162.04,168.31,273569
-24.67,17.31,-138.10,5.57,162.69,168.30,273585
-24.67,16.83,-138.08,6.62,163.46,168.28,273601
-24.61,16.58,-137.93,7.67,163.82,168.11,273617
-24.57,17.13,-137.67,8.93,163.72,167.89,273633
-24.20,18.12,-137.56,10.37,163.47,167.88,273649
-23.67,19.06,-137.75,12.01,163.22,168.19,273665
-22.91,19.62,-138.05,13.62,163.10,168.59,273681
-21.93,19.86,-138.34,15.16,163.20,169.00,273697
-20.89,19.82,-138.63,16.59,163.52,169.41,273713
-19.96,19.67,-138.92,18.04,163.90,169.80,273729
-19.02,19.41,-139.17,19.45,164.40,170.17,273745
-18.10,19.00,-139.38,20.81,165.05,170.51,273761
-17.50,18.63,-139.62,22.60,165.90,170.92,273777
-16.28,17.84,-139.82,24.30,166.61,171.28,273793
-14.72,17.42,-139.72,25.72,151.74,171.29,273809
-13.27,17.59,-139.28,26.74,137.02,170.96,273825
-12.21,17.80,-138.80,27.28,122.90,170.59,273841
-11.69,17.72,-138.44,27.69,124.45,170.30,273857
-11.30,17.59,-138.18,27.92,126.02,170.12,273873
-11.04,17.35,-138.09,27.67,127.70,170.10,273889
-11.13,16.77,-138.25,27.00,129.71,170.26,273905
-11.49,15.95,-138.53,26.05,131.83,170.50,273921
-11.86,15.35,-138.84,25.00,133.70,170.77,273937
-12.31,15.30,-139.16,24.48,135.13,171.07,273953
-12.59,14.92,-139.42,24.63,136.64,171.35,273969
-11.56,13.84,-139.33,24.71,138.05,171.30,273985
-10.05,14.20,-138.92,24.96,138.47,170.99,274001
-8.44,15.34,-138.34,25.58,138.55,170.55,274017
-6.71,16.60,-137.82,26.49,138.70,170.23,274033
-4.91,17.57,-137.45,27.64,139.02,170.09,274049
-2.96,18.03,-137.17,28.51,139.69,170.03,274065
-1.25,18.13,-136.92,28.80,140.49,169.94,274081
-0.00,18.30,-136.58,28.35,141.14,169.68,274097
0.39,18.37,-136.30,27.19,142.14,169.45,274113
0.12,18.26,-136.24,25.63,143.30,169.36,274129
-0.39,17.93,-136.22,24.17,144.43,169.26,274145
-0.94,17.85,-136.06,23.02,145.38,169.05,274161
-1.34,18.12,-135.94,22.06,146.16,168.93,274177
-1.61,18.44,-136.04,21.25,146.97,169.06,274193
-1.68,18.48,-136.31,20.65,148.00,169.36,274209
-1.42,18.20,-136.65,20.09,149.14,169.75,274225
-0.90,17.66,-136.94,19.52,150.36,170.07,274241
-0.20,17.06,-137.09,18.92,151.46,170.24,274257
0.54,16.69,-137.03,18.41,152.32,170.20,274273
0.98,16.55,-136.90,17.83,153.38,170.17,274289
1.19,16.22,-136.83,17.09,154.37,170.10,274305
1.54,15.88,-136.71,16.46,155.47,170.03,274321
2.08,15.44,-136.63,15.95,156.75,170.03,274337
2.79,14.73,-136.62,15.62,158.24,170.11,274353
3.73,13.71,-136.65,15.55,160.08,170.28,274369
4.85,12.42,-136.75,15.74,161.91,170.53,274385
6.21,11.43,-136.76,15.68,163.12,170.65,274401
7.54,11.23,-136.59,15.44,163.56,170.57,274417
8.73,11.73,-136.37,15.13,163.54,170.47,274433
9.80,12.25,-136.14,14.76,163.55,170.34,274449
10.76,12.55,-135.90,14.23,163.90,170.21,274465
11.59,12.34,-135.77,13.58,164.88,170.21,274481
12.39,11.63,-135.87,12.94,166.37,170.45,274497
13.17,10.63,-136.14,12.34,167.79,170.83,274513
13.97,9.96,-136.38,11.81,168.51,171.12,274529
14.80,9.90,-136.39,11.32,153.61,171.18,274545
15.67,10.38,-136.13,10.89,153.72,170.98,274561
16.42,11.28,-135.76,10.51,153.56,170.69,274577
17.19,12.16,-135.31,9.95,153.48,170.32,274593
18.01,13.06,-134.88,9.18,153.47,169.99,274609
18.60,13.89,-134.57,8.38,153.48,169.76,274625
19.24,15.14,-134.42,7.50,153.08,169.70,274641
19.50,16.17,-134.27,6.62,152.49,169.55,274657
19.84,17.61,-133.94,5.58,151.63,169.23,274673
19.94,19.37,-133.58,4.43,150.53,168.90,274689
20.09,21.37,-133.40,2.82,149.39,168.73,274705
20.52,22.91,-133.47,0.78,148.94,168.83,274721
21.29,23.27,-133.70,-1.25,149.51,169.08,274737
22.32,22.83,-134.08,-3.05,150.82,169.49,274753
23.39,21.95,-134.45,-4.46,152.25,169.93,274769
23.91,21.38,-134.84,-5.65,153.15,170.34,274785
24.17,21.40,-135.11,-6.95,153.37,170.59,274801
24.39,21.90,-135.18,-8.37,153.24,170.62,274817
24.57,22.73,-135.15,-9.81,152.90,170.57,274833
24.54,23.97,-135.10,-11.10,152.11,170.49,274849
24.03,25.42,-135.06,-12.09,151.12,170.39,274865
23.20,26.89,-134.96,-12.82,150.11,170.23,274881
22.21,28.04,-134.82,-13.47,149.61,170.04,274897
21.59,28.55,-134.68,-14.55,149.74,169.84,274913
21.29,28.30,-134.49,-15.73,150.70,169.62,274929
21.19,27.48,-134.32,-17.01,152.18,169.45,274945
21.32,26.21,-134.26,-18.31,154.06,169.39,274961
21.33,24.81,-134.22,-19.31,155.90,169.33,274977
21.24,23.32,-134.09,-20.02,157.74,169.18,274993
21.14,21.99,-133.87,-20.46,159.36,168.98,275009
20.79,21.18,-133.65,-20.93,160.23,168.72,275025
20.53,20.94,-133.24,-21.74,160.43,168.22,275041
20.28,21.15,-132.56,-22.52,160.34,167.44,275057
19.97,21.52,-131.68,-23.24,160.23,166.50,275073
19.39,22.23,-130.83,-24.05,159.85,165.61,275089
18.45,23.28,-130.19,-24.93,159.19,164.92,275105
17.19,24.62,-129.85,-25.80,158.28,164.52,275121
15.75,26.00,-129.81,-26.70,157.35,164.39,275137
14.15,27.59,-130.26,-27.59,156.44,164.83,275153
12.65,28.99,-131.46,-28.32,155.97,166.03,275169
11.69,29.23,-133.14,-29.01,156.45,167.66,275185
11.31,28.20,-134.85,-30.14,157.71,169.24,275201
11.09,26.34,-136.26,-31.71,159.43,170.47,275217
10.83,24.36,-137.27,-33.16,146.04,171.28,275233
10.15,22.80,-137.86,-33.92,147.64,171.68,275249
9.11,21.93,-138.13,-34.36,148.86,171.78,275265
7.90,21.22,-138.17,-35.05,149.95,171.64,275281
6.44,20.96,-138.07,-35.97,150.63,171.33,275297
4.75,21.08,-137.91,-36.67,151.07,170.96,275313
2.99,21.55,-137.77,-36.92,151.34,170.65,275329
1.28,22.06,-137.72,-36.85,151.58,170.47,275345
-0.27,22.35,-137.84,-36.76,152.05,170.46,275361
-1.85,22.26,-138.13,-36.61,152.81,170.62,275377
-3.43,22.10,-138.57,-36.49,153.58,170.93,275393
-4.99,22.04,-139.11,-36.37,154.18,171.31,275409
-6.43,22.02,-139.66,-36.30,154.71,171.70,275425
-7.79,21.90,-140.20,-36.09,155.34,172.07,275441
-9.14,21.41,-140.66,-35.73,156.22,172.36,275457
-10.37,20.67,-140.92,-35.42,157.18,172.44,275473
-11.49,20.44,-141.03,-35.15,157.73,172.39,275489
-12.72,20.80,-141.20,-34.61,157.99,172.43,275505
-14.07,21.22,-141.52,-33.59,158.21,172.64,275521
-15.09,21.20,-141.81,-32.53,158.59,172.81,275537
-15.91,21.28,-142.05,-31.49,158.85,172.95,275553
-16.78,21.60,-142.33,-30.30,159.02,173.14,275569
-17.79,21.81,-142.71,-28.83,159.34,173.45,275585
-18.63,21.61,-142.99,-27.27,159.70,173.63,275601
-19.29,21.56,-142.96,-25.62,159.75,173.50,275617
-19.87,22.20,-142.72,-24.06,159.32,173.19,275633
-20.66,23.26,-142.55,-22.38,158.69,172.97,275649
-21.48,24.25,-142.55,-20.93,158.04,172.91,275665
-22.27,25.36,-142.67,-19.56,157.32,172.96,275681
-22.98,26.09,-142.86,-18.19,157.07,173.09,275697
-23.81,26.51,-143.20,-16.70,157.16,173.40,275713
-24.67,26.88,-143.83,-15.02,157.49,174.04,275729
-25.52,26.76,-144.78,-13.14,158.28,175.00,275745
-26.26,25.78,-145.82,-11.23,159.38,175.98,275761
-26.83,24.40,-146.50,-9.32,160.28,176.56,275777
-27.26,23.77,-146.80,-7.73,160.81,176.77,275793
-27.72,23.35,-146.93,-6.48,161.32,176.82,275809
-28.55,23.13,-146.99,-5.18,161.63,176.79,275825
-29.54,23.16,-146.95,-3.72,161.76,176.67,275841
-30.42,23.33,-146.82,-2.04,161.84,176.48,275857
-31.05,23.66,-146.60,-0.21,161.74,176.22,275873
-31.34,24.08,-146.31,1.57,161.55,175.92,275889
-31.50,24.49,-146.04,3.30,161.43,175.65,275905
-31.77,24.78,-145.79,5.24,161.51,175.41,275921
-31.93,24.89,-145.52,7.43,161.70,175.18,275937
-31.71,24.93,-145.19,9.72,161.88,174.92,275953
-31.14,24.98,-144.85,11.87,162.02,174.67,275969
-30.47,25.07,-144.60,13.85,162.18,174.53,275985
-29.84,24.96,-144.47,15.60,162.52,174.49,276001
-29.31,24.63,-144.39,17.33,163.02,174.48,276017
-28.83,24.26,-144.28,19.13,163.52,174.45,276033
-28.18,23.96,-144.14,20.84,163.96,174.41,276049
-27.41,23.76,-144.00,22.43,164.26,174.37,276065
-26.58,23.65,-143.85,23.96,164.49,174.33,276081
-25.77,23.61,-143.71,25.52,164.67,174.31,276097
-24.81,23.55,-143.61,26.87,164.86,174.33,276113
-23.82,23.41,-143.58,27.99,165.11,174.40,276129
-23.01,23.07,-143.55,29.12,165.50,174.47,276145
-22.31,22.62,-143.44,30.38,165.91,174.45,276161
-21.39,22.24,-143.19,31.39,166.22,174.29,276177
-20.38,22.06,-142.88,32.25,166.45,174.09,276193
-19.41,21.93,-142.59,33.14,166.77,173.93,276209
-18.49,21.73,-142.39,34.30,167.20,173.88,276225
-17.41,21.34,-142.17,35.61,167.59,173.82,276241
-15.97,21.10,-141.90,36.52,167.78,173.71,276257
-14.62,21.19,-141.70,37.12,167.77,173.66,276273
-13.49,21.20,-141.65,37.57,167.93,173.77,276289
-12.44,20.80,-141.75,37.93,168.48,174.00,276305
-11.40,20.10,-141.89,38.12,169.20,174.27,276321
-10.38,19.44,-142.02,38.09,169.75,174.50,276337
-9.41,19.13,-142.08,38.03,169.99,174.66,276353
-8.39,18.78,-142.01,38.06,170.19,174.68,276369
-7.25,18.48,-141.76,38.08,170.31,174.53,276385
-5.99,18.38,-141.35,37.83,170.26,174.21,276401
-4.86,18.59,-140.84,37.42,169.98,173.80,276417
-3.93,18.93,-140.30,37.03,169.60,173.34,276433
-3.05,19.21,-139.67,36.70,169.29,172.79,276449
-2.28,19.54,-138.99,36.50,169.03,172.22,276465
-1.50,19.88,-138.44,36.25,168.94,171.82,276481
-0.69,19.97,-138.16,35.92,169.14,171.70,276497
0.19,19.77,-138.18,35.46,169.60,171.88,276513
1.16,19.21,-138.39,34.89,170.30,172.22,276529
2.19,18.51,-138.69,34.34,171.08,172.66,276545
3.21,17.79,-139.04,33.79,171.74,173.13,276561
4.25,17.18,-139.39,32.96,172.24,173.59,276577
5.34,16.69,-139.68,31.87,172.54,173.95,276593
6.34,16.42,-139.86,30.60,172.62,174.18,276609
7.24,16.27,-139.91,29.25,172.61,174.27,276625
8.09,16.16,-139.84,27.89,172.59,174.24,276641
8.87,16.11,-139.67,26.53,172.53,174.11,276657
9.35,16.21,-139.43,25.01,172.25,173.89,276673
9.57,16.54,-139.09,23.41,171.72,173.52,276689
9.61,17.24,-138.66,21.96,170.97,173.07,276705
9.66,18.32,-138.25,20.75,170.08,172.70,276721
9.83,19.44,-138.08,19.87,169.37,172.61,276737
10.19,19.99,-138.17,19.24,169.16,172.80,276753
10.75,19.92,-138.48,18.57,169.45,173.23,276769
11.33,19.38,-138.95,17.78,170.07,173.80,276785
11.91,18.56,-139.44,16.80,170.75,174.35,276801
12.44,17.75,-139.77,15.49,171.23,174.69,276817
12.76,17.24,-139.86,13.91,171.43,174.75,276833
12.77,17.12,-139.78,12.15,171.35,174.64,276849
12.62,17.27,-139.62,10.40,171.11,174.43,276865
12.47,17.62,-139.43,8.86,170.75,174.20,276881
12.51,18.02,-139.21,7.55,170.42,173.97,276897
12.67,18.42,-139.02,6.41,170.07,173.78,276913
12.80,18.77,-138.85,5.32,169.74,173.63,276929
12.78,19.12,-138.77,4.22,169.48,173.56,276945
12.71,19.41,-138.88,3.10,169.41,173.70,276961
12.80,19.36,-139.19,2.08,169.65,174.04,276977
13.10,18.90,-139.53,1.17,170.03,174.39,276993
13.47,18.41,-139.74,0.16,170.28,174.60,277009
13.67,18.32,-139.81,-0.97,170.16,174.67,277025
13.61,18.60,-139.85,-2.07,169.85,174.69,277041
13.51,18.89,-139.95,-3.08,169.66,174.79,277057
13.58,18.89,-140.11,-4.01,169.73,174.95,277073
13.71,18.69,-140.28,-4.79,169.89,175.12,277089
13.71,18.51,-140.40,-5.51,169.98,175.24,277105
13.47,18.42,-140.51,-6.34,170.02,175.34,277121
13.04,18.34,-140.70,-7.35,170.09,175.50,277137
12.50,18.18,-140.93,-8.42,170.25,175.68,277153
11.81,17.90,-141.16,-9.52,170.44,175.83,277169
11.03,17.65,-141.33,-10.86,170.58,175.90,277185
10.03,17.51,-141.51,-12.44,170.67,175.97,277201
8.91,17.43,-141.75,-14.06,170.76,176.06,277217
7.85,17.44,-142.03,-15.44,170.85,176.22,277233
7.00,17.40,-142.33,-16.40,170.93,176.41,277249
6.49,17.18,-142.54,-17.02,171.08,176.53,277265
6.08,16.91,-142.60,-17.31,171.17,176.52,277281
5.60,16.88,-142.56,-17.54,171.05,176.41,277297
4.97,16.97,-142.46,-17.88,170.87,176.24,277313
4.07,17.17,-142.40,-18.40,170.65,176.10,277329
3.03,17.43,-142.42,-18.98,170.40,176.02,277345
1.87,17.62,-142.48,-19.44,170.26,175.98,277361
0.75,17.73,-142.61,-19.89,170.23,176.02,277377
-0.37,17.80,-142.87,-20.45,170.23,176.18,277393
-1.54,17.83,-143.26,-21.11,170.21,176.45,277409
-2.79,17.81,-143.72,-21.84,170.23,176.76,277425
-4.15,17.61,-144.16,-22.55,170.32,177.01,277441
-5.60,17.31,-144.47,-23.24,170.45,177.12,277457
-7.06,17.32,-144.67,-23.94,170.25,177.12,277473
-8.56,17.96,-144.91,-24.52,169.68,177.19,277489
-10.06,18.64,-145.24,-24.82,169.14,177.36,277505
-11.56,19.04,-145.64,-24.79,168.91,177.61,277521
-12.92,18.95,-146.07,-24.58,169.10,177.90,277537
-14.21,18.61,-146.48,-24.38,169.36,178.16,277553
-15.53,18.52,-146.87,-24.22,169.33,178.39,277569
-17.01,18.68,-147.22,-23.86,169.14,178.58,277585
-18.56,18.74,-147.50,-23.21,169.03,178.70,277601
-19.91,18.66,-147.66,-22.46,169.02,178.71,277617
-21.13,18.53,-147.74,-21.72,169.12,178.65,277633
-22.39,18.28,-147.82,-21.03,169.38,178.59,277649
-23.77,17.93,-147.88,-20.33,169.58,178.49,277665
-25.27,18.02,-147.85,-19.47,169.37,178.31,277681
-26.74,18.57,-147.78,-18.35,168.90,178.11,277697
-28.06,19.20,-147.73,-16.99,168.46,177.97,277713
-29.14,19.59,-147.70,-15.48,168.19,177.86,277729
-30.02,19.80,-147.68,-13.86,168.07,177.78,277745
-30.71,19.87,-147.67,-12.17,168.12,177.73,277761
-31.25,19.69,-147.69,-10.39,168.35,177.71,277777
-31.66,19.38,-147.66,-8.68,168.52,177.65,277793
-32.08,19.35,-147.55,-7.01,168.40,177.49,277809
-32.54,19.61,-147.39,-5.30,168.15,177.30,277825
-32.93,19.89,-147.27,-3.55,167.97,177.17,277841
-33.18,20.04,-147.22,-1.90,167.88,177.11,277857
-33.40,20.08,-147.23,-0.45,167.87,177.11,277873
-33.75,20.07,-147.32,0.86,167.86,177.16,277889
-34.25,20.15,-147.43,2.18,167.77,177.22,277905
-34.78,20.30,-147.51,3.61,167.66,177.27,277921
-35.29,20.43,-147.57,5.33,167.65,177.32,277937
-35.55,20.36,-147.57,7.25,167.72,177.32,277953
-35.42,20.23,-147.48,9.18,167.82,177.27,277969
-35.12,20.04,-147.33,11.10,167.92,177.16,277985
-34.71,19.91,-147.08,12.93,167.96,176.96,278001
-34.21,19.88,-146.79,14.68,167.90,176.72,278017
-33.77,20.04,-146.49,16.27,167.72,176.48,278033
-33.43,20.37,-146.31,17.62,167.46,176.35,278049
-33.28,20.70,-146.28,18.98,167.27,176.38,278065
-33.19,20.83,-146.38,20.39,167.26,176.53,278081
-32.98,20.75,-146.51,21.73,167.34,176.71,278097
-32.68,20.63,-146.65,23.04,167.45,176.89,278113
-32.34,20.40,-146.76,24.33,167.58,177.04,278129
-31.97,20.18,-146.79,25.48,167.66,177.10,278145
-31.59,20.07,-146.76,26.44,167.67,177.10,278161
-31.30,20.04,-146.71,27.29,167.62,177.07,278177
-31.12,20.04,-146.62,28.11,167.58,177.01,278193
-31.01,20.07,-146.52,29.02,167.53,176.94,278209
-30.81,20.14,-146.40,29.96,167.43,176.85,278225
-30.53,20.34,-146.26,31.01,167.28,176.77,278241
-30.17,20.50,-146.10,32.20,167.12,176.68,278257
-29.51,20.54,-145.87,33.29,167.02,176.53,278273
-28.65,20.63,-145.61,34.08,166.83,176.34,278289
-27.83,20.88,-145.31,34.62,166.48,176.09,278305
-27.22,21.21,-144.98,35.18,166.11,175.82,278321
-26.69,21.41,-144.59,35.87,165.89,175.48,278337
-26.01,21.65,-144.21,36.37,165.70,175.19,278353
-25.35,21.94,-143.98,36.70,165.53,175.06,278369
-24.87,22.37,-143.96,37.19,165.41,175.15,278385
-24.39,22.56,-144.16,38.03,165.52,175.48,278401
-23.56,22.26,-144.41,38.94,165.85,175.85,278417
-22.35,21.79,-144.63,39.59,166.25,176.20,278433
-21.16,21.32,-144.87,39.79,166.62,176.56,278449
-20.33,20.88,-145.15,39.63,166.92,176.90,278465
-19.88,20.46,-145.34,39.15,167.09,177.08,278481
-19.75,20.28,-145.37,38.49,167.02,177.08,278497
-19.87,20.46,-145.31,37.82,166.74,176.99,278513
-20.11,20.84,-145.24,37.14,166.33,176.89,278529
-20.37,21.29,-145.19,36.45,165.81,176.80,278545
-20.72,21.84,-145.10,35.76,165.15,176.66,278561
-21.09,22.47,-144.90,35.19,164.36,176.40,278577
-21.43,23.32,-144.56,34.74,163.35,176.00,278593
-21.60,24.47,-144.12,34.38,162.21,175.53,278609
-21.65,25.60,-143.71,34.09,161.23,175.13,278625
-21.68,26.57,-143.49,33.73,160.44,174.93,278641
-21.72,27.29,-143.49,33.23,159.84,174.94,278657
-21.86,27.92,-143.70,32.59,159.31,175.13,278673
-21.98,28.28,-144.03,31.80,159.03,175.44,278689
-22.27,28.53,-144.46,31.09,158.76,175.83,278705
-22.61,28.92,-144.85,30.29,158.20,176.15,278721
-22.96,29.56,-145.07,29.51,157.31,176.26,278737
-23.38,30.57,-145.07,28.83,156.10,176.17,278753
-23.82,31.85,-144.88,28.37,154.70,175.89,278769
-24.18,33.32,-144.49,28.11,153.24,175.43,278785
-24.39,34.80,-143.95,28.02,151.81,174.85,278801
-24.32,36.22,-143.35,27.93,150.56,174.24,278817
-24.16,37.38,-142.82,27.97,149.65,173.72,278833
-23.98,38.27,-142.44,28.21,149.07,173.40,278849
-23.70,38.76,-142.26,28.50,148.80,173.27,278865
-23.34,38.99,-142.17,28.70,148.57,173.22,278881
-23.00,39.33,-142.07,28.67,148.12,173.13,278897
-22.68,39.74,-141.90,28.42,147.62,172.95,278913
-22.57,40.27,-141.69,28.12,147.04,172.72,278929
-22.60,41.03,-141.50,27.85,146.36,172.53,278945
-22.60,41.88,-141.38,27.70,145.69,172.42,278961
-22.45,42.54,-141.33,27.60,145.23,172.38,278977
-22.18,42.92,-141.29,27.54,144.96,172.37,278993
-21.85,43.13,-141.27,27.46,144.81,172.37,279009
-21.56,43.25,-141.26,27.39,144.76,172.40,279025
-21.29,43.32,-141.29,27.24,144.73,172.45,279041
-20.97,43.21,-141.32,27.00,144.82,172.49,279057
-20.76,43.10,-141.31,26.71,144.87,172.48,279073
-20.60,43.18,-141.25,26.42,144.76,172.41,279089
-20.50,43.44,-141.13,26.22,144.57,172.30,279105
-20.36,43.76,-141.02,26.15,144.40,172.20,279121
-20.08,43.94,-140.88,26.19,144.37,172.10,279137
-19.68,43.93,-140.71,26.37,144.55,171.98,279153
-19.10,43.68,-140.48,26.64,144.88,171.81,279169
-18.34,43.34,-140.16,26.88,145.20,171.55,279185
-17.49,43.12,-139.77,27.09,145.42,171.25,279201
-16.68,42.92,-139.36,27.39,145.70,170.95,279217
-15.85,42.73,-139.03,27.78,146.02,170.73,279233
-14.94,42.43,-138.77,28.05,146.38,170.59,279249
-13.92,41.97,-138.55,28.15,146.86,170.48,279265
-12.94,41.44,-138.36,28.13,147.34,170.38,279281
-12.05,41.01,-138.17,28.03,147.73,170.29,279297
-11.25,40.63,-138.00,27.86,148.08,170.21,279313
-10.54,40.16,-137.86,27.50,148.52,170.14,279329
-9.96,39.56,-137.79,27.03,149.18,170.15,279345
-9.48,38.90,-137.87,26.58,150.00,170.31,279361
-8.97,38.25,-138.15,26.35,150.90,170.70,279377
-8.23,37.33,-138.55,26.20,151.92,171.21,279393
-7.36,36.29,-138.98,26.00,152.93,171.74,279409
-6.46,35.05,-139.37,25.67,154.04,172.22,279425
-5.59,33.60,-139.62,25.19,155.30,172.54,279441
-4.82,32.16,-139.70,24.68,156.50,172.68,279457
-4.16,31.04,-139.65,24.04,157.45,172.69,279473
-3.73,30.23,-139.59,23.37,158.19,172.68,279489
-3.47,29.56,-139.59,22.59,158.88,172.74,279505
-3.16,28.76,-139.65,21.85,159.73,172.84,279521
-2.79,27.87,-139.70,21.34,160.65,172.95,279537
-2.27,26.92,-139.70,21.00,161.54,173.03,279553
-1.59,26.00,-139.64,20.60,162.36,173.05,279569
-0.93,25.10,-139.61,20.04,163.27,173.10,279585
-0.41,23.93,-139.67,19.40,164.52,173.25,279601
0.00,22.48,-139.87,18.78,166.08,173.53,279617
0.44,20.83,-140.19,18.29,167.75,173.94,279633
0.94,19.22,-140.53,17.72,169.24,174.36,279649
1.47,17.75,-140.84,16.85,170.56,174.73,279665
1.90,16.33,-141.11,15.85,171.87,175.04,279681
2.22,14.88,-141.36,14.91,173.23,175.33,279697
2.59,13.32,-141.58,14.10,159.63,175.58,279713
2.93,11.80,-141.70,13.39,146.41,175.75,279729
3.18,10.44,-141.77,12.60,133.43,175.86,279745
3.24,9.25,-141.84,11.72,120.79,175.96,279761
3.15,8.10,-142.02,10.82,108.59,176.18,279777
2.96,6.79,-142.30,9.92,96.85,176.48,279793
2.79,5.46,-142.61,8.88,85.40,176.78,279809
2.53,4.24,-142.88,7.83,74.17,177.03,279825
2.26,3.18,-143.09,6.69,63.10,177.20,279841
1.92,2.39,-143.21,5.55,52.10,177.28,279857
1.53,1.84,-143.30,4.44,41.34,177.33,279873
1.11,1.20,-143.40,3.35,31.07,177.40,279889
0.65,0.37,-143.59,2.31,21.37,177.56,279905
0.24,-0.69,-143.85,1.30,12.15,177.78,279921
-0.15,-1.86,-144.11,0.37,3.27,178.01,279937
-0.47,-3.01,-144.36,-0.48,-5.33,178.23,279953
-0.78,-4.16,-144.61,-1.19,-13.60,178.46,279969
-1.10,-5.35,-144.88,-1.87,-21.54,178.70,279985
-1.40,-6.59,-145.13,-2.58,-29.17,178.91,280001
-1.72,-7.85,-145.34,-3.30,-36.53,179.08,280017
-2.07,-9.15,-145.50,-3.88,-43.60,179.20,280033
-2.41,-10.41,-145.61,-4.27,-50.48,179.29,280049
-2.67,-11.44,-145.66,-4.57,-57.30,179.32,280065
-2.90,-12.29,-145.71,-4.89,-63.94,179.36,280081
-3.11,-13.15,-145.77,-5.26,-70.36,179.40,280097
-3.31,-13.97,-145.83,-5.52,-76.70,179.44,280113
-3.44,-14.48,-145.88,-5.60,-83.08,179.48,280129
-3.43,-14.76,-145.93,-5.59,-89.35,179.56,280145
-3.42,-14.92,-146.04,-5.55,-95.49,179.68,280161
-3.45,-14.95,-146.18,-5.57,-101.59,179.82,280177
-3.50,-14.87,-146.30,-5.63,-107.64,179.92,280193
-3.54,-14.59,-146.37,-5.77,-113.69,179.98,280209
-3.49,-14.20,-146.39,-5.89,-119.62,179.96,280225
-3.45,-13.81,-146.33,-5.90,-125.32,179.90,280241
-3.50,-13.27,-146.26,-5.80,-130.97,179.82,280257
-3.58,-12.45,-146.19,-5.73,-136.75,179.73,280273
-3.81,-11.07,-146.12,-5.71,-142.96,179.64,280289
-4.00,-9.10,-146.06,-5.77,-149.55,179.53,280305
-4.06,-6.99,-145.96,-5.77,-155.98,179.40,280321
-3.94,-5.10,-145.84,-5.64,-161.99,179.27,280337
-3.76,-3.47,-145.69,-5.27,-167.75,179.11,280353
-3.45,-1.65,-145.39,-4.92,-173.64,178.79,280369
-3.14,0.67,-144.91,-4.68,-179.83,178.27,280385
-3.09,3.54,-144.31,-4.35,-186.25,177.65,280401
-3.25,6.93,-143.79,-4.18,-177.85,177.12,280417
-3.23,9.80,-143.35,-4.34,-169.10,176.64,280433
-3.43,12.12,-143.00,-4.53,-160.08,176.27,280449
-3.64,14.18,-142.78,-4.79,-151.13,175.99,280465
-3.82,15.95,-142.44,-4.73,-142.32,175.60,280481
-3.79,17.78,-141.99,-4.59,-133.74,175.11,280497
-3.56,19.43,-141.46,-4.45,-125.14,174.57,280513
-3.44,21.02,-140.95,-4.32,-116.76,174.07,280529
-3.43,22.71,-140.52,-4.27,-108.59,173.64,280545
-3.35,24.08,-140.18,-4.23,-100.24,173.31,280561
-3.22,24.88,-139.95,-4.08,-91.44,173.13,280577
-2.99,25.12,-139.91,-3.73,-82.21,173.18,280593
-2.63,24.87,-140.09,-3.17,-72.82,173.48,280609
-2.02,24.36,-140.45,-2.52,-63.49,173.95,280625
-1.17,23.30,-140.82,-1.79,-53.94,174.42,280641
-0.30,21.59,-141.16,-1.06,-43.86,174.90,280657
0.46,19.05,-141.62,-0.49,-33.16,175.53,280673
0.89,16.02,-142.31,-0.45,-22.34,176.35,280689
0.96,13.02,-143.13,-0.99,-12.03,177.17,280705
0.76,10.45,-143.78,-1.97,-2.61,177.75,280721
0.51,8.58,-144.12,-2.93,5.74,177.97,280737
0.18,7.77,-144.16,-3.53,13.02,177.93,280753
-0.05,7.89,-144.00,-3.72,19.44,177.73,280769
-0.05,8.61,-143.76,-3.60,25.36,177.50,280785
0.21,9.43,-143.58,-3.40,31.12,177.38,280801
0.58,9.91,-143.51,-3.11,37.04,177.36,280817
0.98,9.93,-143.47,-2.78,43.09,177.39,280833
1.35,9.87,-143.40,-2.34,48.82,177.35,280849
1.98,10.21,-143.17,-1.90,53.93,177.16,280865
2.97,10.95,-142.77,-1.67,58.56,176.81,280881
3.99,11.88,-142.23,-1.71,62.87,176.31,280897
4.74,13.08,-141.62,-1.91,66.80,175.73,280913
5.18,14.63,-140.99,-1.96,70.34,175.11,280929
5.39,16.27,-140.39,-1.69,73.82,174.56,280945
5.62,17.50,-139.90,-1.31,77.62,174.14,280961
5.93,18.26,-139.55,-1.07,81.68,173.86,280977
6.38,18.57,-139.25,-1.03,85.93,173.61,280993
6.90,18.61,-138.88,-1.12,90.18,173.27,281009
7.56,18.60,-138.38,-1.33,94.30,172.80,281025
8.24,18.60,-137.75,-1.70,98.25,172.19,281041
9.14,19.02,-136.98,-2.27,101.63,171.44,281057
9.19,19.70,-136.28,-2.75,105.51,170.94,281073
8.34,20.35,-136.19,-3.43,108.94,170.81,281089
8.04,20.65,-136.23,-3.83,112.36,170.84,281105
8.10,20.91,-136.28,-4.04,115.80,170.94,281121
8.56,20.88,-136.43,-4.37,119.35,171.14,281137
9.03,20.55,-136.56,-4.75,122.80,171.29,281153
9.40,20.37,-136.54,-5.33,125.91,171.27,281169
9.39,20.43,-136.42,-5.97,128.73,171.10,281185
9.07,20.40,-136.18,-6.77,131.67,170.81,281201
8.63,20.30,-135.97,-7.88,134.80,170.55,281217
8.07,19.75,-135.91,-9.18,138.31,170.43,281233
7.42,18.66,-136.01,-10.57,142.32,170.46,281249
6.58,16.97,-136.25,-11.93,146.74,170.62,281265
5.58,14.87,-136.59,-13.47,151.42,170.81,281281
4.27,12.08,-136.71,-14.95,156.51,170.73,281297
2.20,9.21,-136.78,-17.11,146.52,170.60,281313
1.10,11.44,-136.80,-17.13,133.70,170.44,281329
0.72,11.96,-136.56,-16.38,136.44,170.20,281345
0.65,11.82,-136.43,-15.97,139.41,170.12,281361
0.93,11.76,-136.41,-15.78,142.11,170.11,281377
0.96,11.72,-136.41,-15.41,144.78,170.11,281393
0.95,11.63,-136.42,-15.05,147.33,170.12,281409
0.94,11.63,-136.43,-14.69,149.74,170.13,281425
0.93,11.54,-136.44,-14.33,152.14,170.15,281441
0.92,11.49,-136.44,-13.98,154.40,170.16,281457
0.92,11.43,-136.45,-13.63,156.60,170.17,281473
0.91,11.39,-136.46,-13.29,158.70,170.18,281489
0.90,11.34,-136.47,-12.96,160.74,170.19,281505
0.89,11.29,-136.48,-12.63,162.69,170.20,281521
0.88,11.24,-136.49,-12.31,164.58,170.21,281537
0.87,11.20,-136.50,-12.00,166.40,170.22,281553
0.87,11.15,-136.51,-11.69,168.14,170.23,281569
0.86,11.11,-136.51,-11.39,169.82,170.24,281585
0.85,11.07,-136.52,-11.10,171.43,170.25,281601
0.84,11.03,-136.53,-10.81,172.98,170.26,281617
0.83,10.99,-136.54,-10.53,174.47,170.27,281633
0.82,10.95,-136.55,-10.26,175.90,170.28,281649
0.81,10.90,-136.56,-10.00,177.26,170.30,281665
0.80,10.87,-136.57,-9.73,178.57,170.31,281681
0.79,10.83,-136.57,-9.48,179.82,170.32,281697
0.78,10.80,-136.58,-9.23,181.02,170.33,281713
0.77,10.76,-136.59,-8.98,182.16,170.34,281729
0.76,10.73,-136.60,-8.74,183.26,170.35,281745
0.75,10.70,-136.61,-8.51,184.30,170.36,281761
0.74,10.66,-136.62,-8.28,185.30,170.37,281777
0.73,10.63,-136.63,-8.05,186.24,170.38,281793
0.73,10.59,-136.64,-7.83,187.15,170.39,281809
0.72,10.56,-136.65,-7.62,188.01,170.41,281825
0.71,10.54,-136.66,-7.41,188.83,170.42,281841
0.71,10.51,-136.66,-7.20,189.60,170.43,281857
0.69,10.48,-136.67,-7.00,190.34,170.44,281873
0.68,10.45,-136.68,-6.80,191.03,170.45,281889
0.67,10.43,-136.69,-6.60,191.68,170.46,281905
0.65,10.41,-136.70,-6.41,192.30,170.47,281921
0.64,10.38,-136.71,-6.23,192.88,170.48,281937
0.63,10.37,-136.72,-6.05,193.43,170.49,281953
0.62,10.34,-136.72,-5.88,193.94,170.50,281969
0.62,10.32,-136.73,-5.71,194.43,170.52,281985
0.61,10.29,-136.74,-5.54,194.88,170.53,282001
0.60,10.28,-136.75,-5.37,195.31,170.54,282017
0.59,10.26,-136.76,-5.22,195.70,170.55,282033
0.58,10.24,-136.77,-5.06,196.06,170.56,282049
0.58,10.23,-136.78,-4.91,196.40,170.57,282065
0.57,10.21,-136.79,-4.76,196.71,170.58,282081
0.56,10.19,-136.79,-4.62,197.00,170.59,282097
0.55,10.17,-136.80,-4.48,197.26,170.60,282113
0.54,10.16,-136.81,-4.34,197.49,170.62,282129
0.53,10.15,-136.82,-4.21,197.70,170.63,282145
0.52,10.13,-136.83,-4.09,197.90,170.64,282161
0.51,10.11,-136.84,-3.96,198.07,170.65,282177
0.50,10.09,-136.85,-3.84,198.22,170.66,282193
0.49,10.08,-136.85,-3.73,198.35,170.67,282209
0.47,10.06,-136.86,-3.61,198.45,170.68,282225
0.45,10.05,-136.87,-3.50,198.54,170.69,282241
0.45,10.05,-136.88,-3.40,198.61,170.70,282257
0.44,10.04,-136.89,-3.30,198.66,170.71,282273
0.43,10.03,-136.90,-3.20,198.70,170.72,282289
0.43,10.02,-136.91,-3.11,198.73,170.73,282305
0.42,10.01,-136.92,-3.02,198.74,170.74,282321
0.41,10.01,-136.92,-2.93,198.73,170.75,282337
0.41,10.00,-136.93,-2.84,198.72,170.77,282353
0.40,9.99,-136.94,-2.75,198.68,170.78,282369
0.39,9.98,-136.95,-2.67,198.64,170.79,282385
0.39,9.97,-136.96,-2.58,198.59,170.80,282401
0.38,9.96,-136.97,-2.50,198.53,170.81,282417
0.38,9.95,-136.98,-2.43,198.45,170.82,282433
0.36,9.94,-136.99,-2.36,198.36,170.83,282449
0.35,9.93,-137.00,-2.28,198.26,170.84,282465
0.34,9.92,-137.00,-2.21,198.14,170.85,282481
0.34,9.91,-137.01,-2.14,198.02,170.87,282497
0.32,9.91,-137.02,-2.07,197.90,170.88,282513
0.32,9.91,-137.03,-2.02,197.76,170.89,282529
0.31,9.91,-137.04,-1.95,197.62,170.90,282545
0.30,9.91,-137.05,-1.89,197.48,170.91,282561
0.29,9.89,-137.06,-1.84,197.32,170.92,282577
0.28,9.90,-137.07,-1.78,197.16,170.93,282593
0.27,9.90,-137.08,-1.73,196.99,170.94,282609
0.26,9.89,-137.08,-1.67,196.82,170.95,282625
0.25,9.89,-137.09,-1.62,196.64,170.96,282641
0.25,9.88,-137.10,-1.57,196.45,170.97,282657
0.24,9.88,-137.11,-1.52,196.26,170.98,282673
0.24,9.87,-137.12,-1.48,196.07,170.99,282689
0.24,9.87,-137.13,-1.45,195.86,171.01,282705
0.23,9.88,-137.14,-1.41,195.66,171.02,282721
0.22,9.88,-137.15,-1.37,195.45,171.03,282737
0.21,9.88,-137.16,-1.33,195.24,171.04,282753
0.21,9.88,-137.16,-1.29,195.02,171.05,282769
0.20,9.87,-137.17,-1.25,194.81,171.06,282785
0.19,9.88,-137.18,-1.22,194.59,171.07,282801
0.18,9.88,-137.19,-1.19,194.37,171.08,282817
0.17,9.87,-137.20,-1.16,194.15,171.09,282833
0.17,9.87,-137.21,-1.13,193.93,171.10,282849
0.17,9.88,-137.22,-1.10,193.70,171.11,282865
0.16,9.87,-137.23,-1.07,193.48,171.13,282881
0.15,9.88,-137.24,-1.04,193.24,171.14,282897
0.14,9.87,-137.24,-1.02,193.01,171.15,282913
0.13,9.87,-137.25,-0.99,192.78,171.16,282929
0.13,9.87,-137.26,-0.97,192.55,171.17,282945
0.13,9.87,-137.27,-0.94,192.32,171.18,282961
0.12,9.87,-137.28,-0.92,192.09,171.19,282977
0.11,9.87,-137.29,-0.91,191.86,171.20,282993
0.11,9.87,-137.30,-0.89,191.63,171.21,283009
0.09,9.87,-137.31,-0.87,191.40,171.22,283025
0.09,9.87,-137.32,-0.86,191.16,171.23,283041
